INSERT INTO Purchaser (purchaser_id, name, phoneNumber) VALUES (1, 'Aarav Sharma', '+91-987-543-10');
INSERT INTO Purchaser (purchaser_id, name, phoneNumber) VALUES (2, 'Priya Patel', '+91-912-456-80');
INSERT INTO Purchaser (purchaser_id, name, phoneNumber) VALUES (3, 'Rahul Singh', '+91-998-776-55');
INSERT INTO Purchaser (purchaser_id, name, phoneNumber) VALUES (4, 'Ananya Mukherjee', '+91-923-567-91');
INSERT INTO Purchaser (purchaser_id, name, phoneNumber) VALUES (5, 'Vikram Nair', '+91-935-787-02');
INSERT INTO Purchaser (purchaser_id, name, phoneNumber) VALUES (6, 'Deepika Rao', '+91-945-789-13');
INSERT INTO Purchaser (purchaser_id, name, phoneNumber) VALUES (7, 'Karan Mehta', '+91-956-890-24');
INSERT INTO Purchaser (purchaser_id, name, phoneNumber) VALUES (8, 'Sneha Verma', '+91-967-901-35');
INSERT INTO Purchaser (purchaser_id, name, phoneNumber) VALUES (9, 'Rohit Desai', '+91-978-012-46');
INSERT INTO Purchaser (purchaser_id, name, phoneNumber) VALUES (10, 'Isha Gupta', '+91-989-123-57');
INSERT INTO Purchaser (purchaser_id, name, phoneNumber) VALUES (11, 'Aditya Joshi', '+91-990-123-56');
INSERT INTO Purchaser (purchaser_id, name, phoneNumber) VALUES (12, 'Neha Kapoor', '+91-991-234-67');
INSERT INTO Purchaser (purchaser_id, name, phoneNumber) VALUES (13, 'Sanjay Kumar', '+91-992-345-78');
INSERT INTO Purchaser (purchaser_id, name, phoneNumber) VALUES (14, 'Vandana Iyer', '+91-993-456-89');
INSERT INTO Purchaser (purchaser_id, name, phoneNumber) VALUES (15, 'Manish Tiwari', '+91-994-567-90');
INSERT INTO Purchaser (purchaser_id, name, phoneNumber) VALUES (16, 'Leela Menon', '+91-995-578-01');
INSERT INTO Purchaser (purchaser_id, name, phoneNumber) VALUES (17, 'Arjun Reddy', '+91-996-789-12');
INSERT INTO Purchaser (purchaser_id, name, phoneNumber) VALUES (18, 'Smita Singh', '+91-997-890-23');
INSERT INTO Purchaser (purchaser_id, name, phoneNumber) VALUES (19, 'Gaurav Jain', '+91-998-901-34');
INSERT INTO Purchaser (purchaser_id, name, phoneNumber) VALUES (20, 'Anita Chawla', '+91-999-012-45');
INSERT INTO Purchaser (purchaser_id, name, phoneNumber) VALUES (21, 'Ritesh Bhatia', '+91-989-112-33');
INSERT INTO Purchaser (purchaser_id, name, phoneNumber) VALUES (22, 'Swathi Iyer', '+91-972-723-44');
INSERT INTO Purchaser (purchaser_id, name, phoneNumber) VALUES (23, 'Pradeep Das', '+91-967-334-55');
INSERT INTO Purchaser (purchaser_id, name, phoneNumber) VALUES (24, 'Meher Kaur', '+91-956-445-66');
INSERT INTO Purchaser (purchaser_id, name, phoneNumber) VALUES (25, 'Farhan Khan', '+91-945-556-77');
INSERT INTO Purchaser (purchaser_id, name, phoneNumber) VALUES (26, 'Ritika Singh', '+91-934-667-88');
INSERT INTO Purchaser (purchaser_id, name, phoneNumber) VALUES (27, 'Siddharth Roy', '+91-923-778-99');
INSERT INTO Purchaser (purchaser_id, name, phoneNumber) VALUES (28, 'Pooja Nair', '+91-912-899-00');
INSERT INTO Purchaser (purchaser_id, name, phoneNumber) VALUES (29, 'Rahul Kapoor', '+91-901-990-11');
INSERT INTO Purchaser (purchaser_id, name, phoneNumber) VALUES (30, 'Neeti Sharma', '+91-990-112-33');
INSERT INTO Purchaser (purchaser_id, name, phoneNumber) VALUES (31, 'Nikhil Jain', '+91-989-223-44');
INSERT INTO Purchaser (purchaser_id, name, phoneNumber) VALUES (32, 'Alia Bhatt', '+91-978-334-55');
INSERT INTO Purchaser (purchaser_id, name, phoneNumber) VALUES (33, 'Vivek Oberoi', '+91-967-445-66');
INSERT INTO Purchaser (purchaser_id, name, phoneNumber) VALUES (34, 'Kajol Mukherjee', '+91-955-056-77');
INSERT INTO Purchaser (purchaser_id, name, phoneNumber) VALUES (35, 'Arjun Kapoor', '+91-945-667-88');
INSERT INTO Purchaser (purchaser_id, name, phoneNumber) VALUES (36, 'Kriti Sanon', '+91-934-778-99');
INSERT INTO Purchaser (purchaser_id, name, phoneNumber) VALUES (37, 'Varun Dhawan', '+91-923-889-00');
INSERT INTO Purchaser (purchaser_id, name, phoneNumber) VALUES (38, 'Sara Ali', '+91-912-990-11');
INSERT INTO Purchaser (purchaser_id, name, phoneNumber) VALUES (39, 'Ranbir Kapoor', '+91-901-112-33');
INSERT INTO Purchaser (purchaser_id, name, phoneNumber) VALUES (40, 'Anushka Sharma', '+91-990-223-44');
INSERT INTO Purchaser (purchaser_id, name, phoneNumber) VALUES (41, 'Shraddha Kapoor', '+91-989-334-55');
INSERT INTO Purchaser (purchaser_id, name, phoneNumber) VALUES (42, 'Tiger Shroff', '+91-978-445-66');
INSERT INTO Purchaser (purchaser_id, name, phoneNumber) VALUES (43, 'Deepika Padukone', '+91-967-556-77');
INSERT INTO Purchaser (purchaser_id, name, phoneNumber) VALUES (44, 'Alia Singh', '+91-956-667-88');
INSERT INTO Purchaser (purchaser_id, name, phoneNumber) VALUES (45, 'Sidharth Malhotra', '+91-945-778-99');
INSERT INTO Purchaser (purchaser_id, name, phoneNumber) VALUES (46, 'Karan Johar', '+91-934-889-00');
INSERT INTO Purchaser (purchaser_id, name, phoneNumber) VALUES (47, 'Madhuri Dixit', '+91-923-990-11');
INSERT INTO Purchaser (purchaser_id, name, phoneNumber) VALUES (48, 'Shah Rukh Khan', '+91-901-223-44');
INSERT INTO Purchaser (purchaser_id, name, phoneNumber) VALUES (49, 'Aishwarya Rai', '+91-990-334-55');
INSERT INTO Purchaser (purchaser_id, name, phoneNumber) VALUES (50, 'Salman Khan', '+91-989-445-66');
INSERT INTO Purchaser (purchaser_id, name, phoneNumber) VALUES (51, 'Katrina Kaif', '+91-978-556-77');
INSERT INTO Purchaser (purchaser_id, name, phoneNumber) VALUES (52, 'Ranveer Singh', '+91-967-667-88');
INSERT INTO Purchaser (purchaser_id, name, phoneNumber) VALUES (53, 'Alia Dua', '+91-956-778-99');
INSERT INTO Purchaser (purchaser_id, name, phoneNumber) VALUES (54, 'Priyanka Chopra', '+91-945-889-00');
INSERT INTO Purchaser (purchaser_id, name, phoneNumber) VALUES (55, 'Hrithik Roshan', '+91-934-990-11');
INSERT INTO Purchaser (purchaser_id, name, phoneNumber) VALUES (56, 'Rani Mukerji', '+91-923-112-33');
INSERT INTO Purchaser (purchaser_id, name, phoneNumber) VALUES (57, 'Anil Kapoor', '+91-902-223-44');
INSERT INTO Purchaser (purchaser_id, name, phoneNumber) VALUES (58, 'Sonam Kapoor', '+91-991-334-55');
INSERT INTO Purchaser (purchaser_id, name, phoneNumber) VALUES (59, 'Taapsee Pannu', '+91-990-445-66');
INSERT INTO Purchaser (purchaser_id, name, phoneNumber) VALUES (60, 'Vicky Kaushal', '+91-989-556-77');
INSERT INTO Purchaser (purchaser_id, name, phoneNumber) VALUES (61, 'Sara Nair', '+91-978-667-88');
INSERT INTO Purchaser (purchaser_id, name, phoneNumber) VALUES (62, 'Janhvi Kapoor', '+91-967-778-99');
INSERT INTO Purchaser (purchaser_id, name, phoneNumber) VALUES (63, 'Sushant Singh', '+91-956-889-00');
INSERT INTO Purchaser (purchaser_id, name, phoneNumber) VALUES (64, 'Kiara Advani', '+91-945-990-11');
INSERT INTO Purchaser (purchaser_id, name, phoneNumber) VALUES (65, 'Ayushmann Khurrana', '+91-931-812-33');
INSERT INTO Purchaser (purchaser_id, name, phoneNumber) VALUES (66, 'Bhumi Pednekar', '+91-923-223-44');
INSERT INTO Purchaser (purchaser_id, name, phoneNumber) VALUES (67, 'Ranbir Sharma', '+91-912-334-55');
INSERT INTO Purchaser (purchaser_id, name, phoneNumber) VALUES (68, 'Shruti Haasan', '+91-901-445-66');
INSERT INTO Purchaser (purchaser_id, name, phoneNumber) VALUES (69, 'Sanjay Dutt', '+91-990-556-77');
INSERT INTO Purchaser (purchaser_id, name, phoneNumber) VALUES (70, 'Kareena Kapoor', '+91-989-667-88');
INSERT INTO Purchaser (purchaser_id, name, phoneNumber) VALUES (71, 'Akshay Kumar', '+91-978-778-99');
INSERT INTO Purchaser (purchaser_id, name, phoneNumber) VALUES (72, 'Alia Sen', '+91-967-889-00');
INSERT INTO Purchaser (purchaser_id, name, phoneNumber) VALUES (73, 'Varun Chauhan', '+91-956-990-11');
INSERT INTO Purchaser (purchaser_id, name, phoneNumber) VALUES (74, 'Richa Chadha', '+91-945-112-33');
INSERT INTO Purchaser (purchaser_id, name, phoneNumber) VALUES (75, 'Vijay Deverakonda', '+91-934-223-44');
INSERT INTO Purchaser (purchaser_id, name, phoneNumber) VALUES (76, 'Rashmika Mandanna', '+91-923-334-55');
INSERT INTO Purchaser (purchaser_id, name, phoneNumber) VALUES (77, 'Pankaj Tripathi', '+91-902-445-66');
INSERT INTO Purchaser (purchaser_id, name, phoneNumber) VALUES (78, 'Vidya Balan', '+91-991-556-77');
INSERT INTO Purchaser (purchaser_id, name, phoneNumber) VALUES (79, 'Manoj Bajpayee', '+91-990-667-88');
INSERT INTO Purchaser (purchaser_id, name, phoneNumber) VALUES (80, 'Kiara Singh', '+91-989-778-99');
INSERT INTO Purchaser (purchaser_id, name, phoneNumber) VALUES (81, 'Mrunal Thakur', '+91-978-889-00');
INSERT INTO Purchaser (purchaser_id, name, phoneNumber) VALUES (82, 'Nawazuddin Siddiqui', '+91-967-990-11');
INSERT INTO Purchaser (purchaser_id, name, phoneNumber) VALUES (83, 'Taapsee Roy', '+91-956-0112-33');
INSERT INTO Purchaser (purchaser_id, name, phoneNumber) VALUES (84, 'Abhishek Bachchan', '+91-945-223-44');
INSERT INTO Purchaser (purchaser_id, name, phoneNumber) VALUES (85, 'Shilpa Shetty', '+91-934-333-55');
INSERT INTO Purchaser (purchaser_id, name, phoneNumber) VALUES (86, 'Dhanush Kumar', '+91-923-445-66');
INSERT INTO Purchaser (purchaser_id, name, phoneNumber) VALUES (87, 'Kangana Ranaut', '+91-912-556-77');
INSERT INTO Purchaser (purchaser_id, name, phoneNumber) VALUES (88, 'Rajkummar Rao', '+91-901-667-88');
INSERT INTO Purchaser (purchaser_id, name, phoneNumber) VALUES (89, 'Shravan Joshi', '+91-99-7778-99');
INSERT INTO Purchaser (purchaser_id, name, phoneNumber) VALUES (90, 'Divya Singh', '+91-989-889-00');
INSERT INTO Purchaser (purchaser_id, name, phoneNumber) VALUES (91, 'Amitabh Bachchan', '+91-978-990-11');
INSERT INTO Purchaser (purchaser_id, name, phoneNumber) VALUES (92, 'Jaya Bachchan', '+91-967-122-33');
INSERT INTO Purchaser (purchaser_id, name, phoneNumber) VALUES (93, 'Hema Malini', '+91-956-223-44');
INSERT INTO Purchaser (purchaser_id, name, phoneNumber) VALUES (94, 'Amitabh Singh', '+91-945-334-55');
INSERT INTO Purchaser (purchaser_id, name, phoneNumber) VALUES (95, 'Beena Kapoor', '+91-934-445-66');
INSERT INTO Purchaser (purchaser_id, name, phoneNumber) VALUES (96, 'Ritesh Pandey', '+91-923-556-77');
INSERT INTO Purchaser (purchaser_id, name, phoneNumber) VALUES (97, 'Dipika Padukone', '+91-912-866-78');
INSERT INTO Purchaser (purchaser_id, name, phoneNumber) VALUES (98, 'Nana Patekar', '+91-901-778-99');
INSERT INTO Purchaser (purchaser_id, name, phoneNumber) VALUES (99, 'Madhur Bhandarkar', '+91-990-889-90');
INSERT INTO Purchaser (purchaser_id, name, phoneNumber) VALUES (100, 'Neha Rao', '+91-989-990-11');

INSERT INTO Consumer (purchaser_id) VALUES (1);
INSERT INTO Consumer (purchaser_id) VALUES (2);
INSERT INTO Consumer (purchaser_id) VALUES (3);
INSERT INTO Consumer (purchaser_id) VALUES (4); 
INSERT INTO Consumer (purchaser_id) VALUES (5);
INSERT INTO Consumer (purchaser_id) VALUES (6);
INSERT INTO Consumer (purchaser_id) VALUES (7);
INSERT INTO Consumer (purchaser_id) VALUES (8);
INSERT INTO Consumer (purchaser_id) VALUES (9);
INSERT INTO Consumer (purchaser_id) VALUES (10);
INSERT INTO Consumer (purchaser_id) VALUES (11);
INSERT INTO Consumer (purchaser_id) VALUES (12);
INSERT INTO Consumer (purchaser_id) VALUES (13);

INSERT INTO Vendor (purchaser_id) VALUES (14);
INSERT INTO Vendor (purchaser_id) VALUES (15);
INSERT INTO Vendor (purchaser_id) VALUES (16);
INSERT INTO Vendor (purchaser_id) VALUES (17);
INSERT INTO Vendor (purchaser_id) VALUES (18);
INSERT INTO Vendor (purchaser_id) VALUES (19);
INSERT INTO Vendor (purchaser_id) VALUES (20);
INSERT INTO Vendor (purchaser_id) VALUES (21);
INSERT INTO Vendor (purchaser_id) VALUES (22);
INSERT INTO Vendor (purchaser_id) VALUES (23);

INSERT INTO Banking_Card (cardNumber, runoutDate, bank) VALUES('ICICI1234567890','2027-12-31','ICICI Bank');
INSERT INTO Banking_Card (cardNumber, runoutDate, bank) VALUES ('HDFC0987654321','2028-05-15','HDFC Bank');
INSERT INTO Banking_Card (cardNumber, runoutDate, bank) VALUES ('SBI1111222233334444','2026-11-30','State Bank of India');
INSERT INTO Banking_Card (cardNumber, runoutDate, bank) VALUES ('AXIS5555666677778888','2029-01-20','Axis Bank');
INSERT INTO Banking_Card (cardNumber, runoutDate, bank) VALUES ('PNB9999000011112222','2027-03-10','Punjab National Bank');
INSERT INTO Banking_Card (cardNumber, runoutDate, bank) VALUES ('KOTA3333444455556666','2028-07-25','Kotak Mahindra Bank');
INSERT INTO Banking_Card (cardNumber, runoutDate, bank) VALUES ('YES7777888899990000','2026-09-05','Yes Bank');
INSERT INTO Banking_Card (cardNumber, runoutDate, bank) VALUES ('IDBI2222333344445555','2027-10-11','IDBI Bank');
INSERT INTO Banking_Card (cardNumber, runoutDate, bank) VALUES ('BOB6666777788889999','2029-12-01','Bank of Baroda');
INSERT INTO Banking_Card (cardNumber, runoutDate, bank) VALUES ('CAN1111222233334445','2028-04-18','Canara Bank');
INSERT INTO Banking_Card (cardNumber, runoutDate, bank) VALUES ('UCO5555666677778889','2027-08-22','UCO Bank');
INSERT INTO Banking_Card (cardNumber, runoutDate, bank) VALUES ('IOB9999000011112223','2029-06-30','Indian Overseas Bank');

UPDATE Banking_Card SET cardNumber='KOTA3333444455556666' WHERE bank='Kotak Mahindra Bank';

INSERT INTO Credit_Card (cardNumber, purchaser_id, organization) VALUES ('ICICI1234567890',1,'ICICI');
INSERT INTO Credit_Card (cardNumber, purchaser_id, organization) VALUES ('HDFC0987654321',2,'HDFC');
INSERT INTO Credit_Card (cardNumber, purchaser_id, organization) VALUES ('SBI1111222233334444',3,'SBI');
INSERT INTO Credit_Card (cardNumber, purchaser_id, organization) VALUES ('AXIS5555666677778888',4,'AXIS');
INSERT INTO Credit_Card (cardNumber, purchaser_id, organization) VALUES ('PNB9999000011112222',5,'PNB');
INSERT INTO Credit_Card (cardNumber, purchaser_id, organization) VALUES ('KOTA3333444455556666',6,'Kotak');
INSERT INTO Credit_Card (cardNumber, purchaser_id, organization) VALUES ('YES7777888899990000',7,'Yes');

INSERT INTO Debit_Card (cardNumber, purchaser_id) VALUES ('IDBI2222333344445555',8);
INSERT INTO Debit_Card (cardNumber, purchaser_id) VALUES ('BOB6666777788889999',9);
INSERT INTO Debit_Card (cardNumber, purchaser_id) VALUES ('CAN1111222233334445',10);
INSERT INTO Debit_Card (cardNumber, purchaser_id) VALUES ('UCO5555666677778889',11);
INSERT INTO Debit_Card (cardNumber, purchaser_id) VALUES ('IOB9999000011112223',12);
INSERT INTO Debit_Card (cardNumber, purchaser_id) VALUES ('AXIS5555666677778888',13);

INSERT INTO Shipping_Address
(address_id, purchaser_id, name, contact_PhoneNumber, territory, city, streetaddress, postalCode) VALUES
(101,1,'Aarav Sharma','+91-9876543210','Telangana','Secunderabad','4-158/9 5th Cross Road, Sainikpuri','500094'),
(102,2,'Priya Patel','+91-9123456780','Gujarat','Ahmedabad','Plot 22, Navrangpura Main Road, Navrangpura','380009'),
(103,3,'Rahul Singh','+91-9988776655','Delhi','New Delhi','Flat 408, Tagore Road, Near Khan Market','110001'),
(104,4,'Ananya Mukherjee','+91-9234567891','Karnataka','Bangalore','32/1 2nd Main Road, 8th Block, Jayanagar','560082'),
(105,5,'Vikram Nair','+91-9345678902','Maharashtra','Mumbai','Apte Building, Dadabhai Naoroji Road, Fort','400001'),
(106,6,'Deepika Rao','+91-9456789013','West Bengal','Kolkata','15 Sudder Street, Esplanade Area','700016'),
(107,7,'Karan Mehta','+91-9567890124','Tamil Nadu','Chennai','15/A Anna Salai, Near Government Museum','600002'),
(108,8,'Sneha Verma','+91-9678901235','Maharashtra','Mumbai','Altamount Road, Near Antilia','400026'),
(109,9,'Rohit Desai','+91-9789012346','Uttar Pradesh','Lucknow','House No. 56/78, 14th A Cross, JP Nagar Phase 7','226001'),
(110,10,'Isha Gupta','+91-9890123457','Madhya Pradesh','Bhopal','Flat No. 402, Rosewood Apartments, MP Nagar','462011'),
(111,11,'Aditya Joshi','+91-9900123456','Punjab','Chandigarh','Sector 22-C, House No. 134','160022'),
(112,12,'Neha Kapoor','+91-9911234567','Rajasthan','Jaipur','E-8, Malviya Nagar, Opposite Malviya Nagar Metro Station','302017'),
(113,13,'Sanjay Kumar','+91-9922345678','Haryana','Gurgaon','A-75, Sector 14, DLF City','122001'),
(114,14,'Vandana Iyer','+91-9933456789','Kerala','Kochi','Flat No. 202, Seafront Apartments, Marine Drive','682031'),
(115,15,'Manish Tiwari','+91-9944567890','Odisha','Bhubaneswar','Plot 101, IRC Village, Nayapalli','751015'),
(116,16,'Leela Menon','+91-9955678901','Karnataka','Mysore','No. 12, Lakshmi Road, Opposite City Market','570024'),
(117,17,'Arjun Reddy','+91-9966789012','Telangana','Hyderabad','House No. 23, Road No. 12, Banjara Hills','500034'),
(118,18,'Smita Singh','+91-9977890123','Chhattisgarh','Raipur','C-45, Mowa Road, Sector 1, Shankar Nagar','492007'),
(119,19,'Gaurav Jain','+91-9988901234','Jharkhand','Ranchi','Flat 15B, Nirmala Apartment, Kanke Road','834008'),
(120,20,'Anita Chawla','+91-9990012345','Uttarakhand','Dehradun','Prime Standard Apartments, Near Clock Tower','248001'),
(121,21,'Ritesh Bhatia','+91-9891112233','Assam','Guwahati','House No. 9, Suren Das Road, Fancy Bazaar','781001'),
(122,22,'Swathi Iyer','+91-9782223344','Tamil Nadu','Coimbatore','No. 45, Race Course Road, Gandhipuram','641018'),
(123,23,'Pradeep Das','+91-9673334455','West Bengal','Howrah','Plot 56, Netaji Subhash Road, Shibpur','711102'),
(124,24,'Meher Kaur','+91-9564445566','Punjab','Amritsar','House No. 12, Ranjit Avenue, Near Golden Temple','143001'),
(125,25,'Farhan Khan','+91-9455556677','Karnataka','Hubli','1st Floor, Kumar Plaza, Airport Road','580030'),
(126,26,'Ritika Singh','+91-9346667788','Madhya Pradesh','Indore','A-19, Vijay Nagar, Opp. Statesman House','452010'),
(127,27,'Siddharth Roy','+91-9237778899','Rajasthan','Udaipur','Lakeview Apartments, Swaroop Sagar','313001'),
(128,28,'Pooja Nair','+91-9128889900','Kerala','Thiruvananthapuram','37, MG Road, Statue Junction','695001'),
(129,29,'Rahul Kapoor','+91-9019990011','Uttar Pradesh','Kanpur','11-A, Mall Road, Near PPC Building','208001'),
(130,30,'Neeti Sharma','+91-9901112233','Bihar','Patna','Flat No. 5B, Lloyd’s Complex, Fraser Road','800001'),
(131,31,'Nikhil Jain','+91-9892223344','Gujarat','Surat','Shop No. 3, City Centre Mall, Ring Road','395002'),
(132,32,'Alia Bhatt','+91-9783334455','Maharashtra','Pune','Flat 301, Orchid Tower, Koregaon Park','411001'),
(133,33,'Vivek Oberoi','+91-9674445566','Maharashtra','Nashik','Plot 10, Old Mumbai Route, Dwarka Nagar','422011'),
(134,34,'Kajol Mukherjee','+91-9565556677','West Bengal','Darjeeling','Hilltop Residency, Near Botanical Garden','734101'),
(135,35,'Arjun Kapoor','+91-9456667788','Himachal Pradesh','Shimla','Snow View Apartments, The Mall Road','171001'),
(136,36,'Kriti Sanon','+91-9347778899','Haryana','Panipat','D-12, GT Road, Panipat City','132103'),
(137,37,'Varun Dhawan','+91-9238889900','Punjab','Jalandhar','Flat 7A, Civic Centre, Near Bus Stand','144001'),
(138,38,'Sara Ali','+91-9129990011','Jharkhand','Dhanbad','House No. 45, Ward 7, B Block','826001'),
(139,39,'Ranbir Kapoor','+91-9011112233','Karnataka','Mangalore','Bale Bhavan, Balmatta Road','575001'),
(140,40,'Anushka Sharma','+91-9902223344','Assam','Silchar','Chaygaon Road, Near Silchar College','788001'),
(141,41,'Shraddha Kapoor','+91-9893334455','Maharashtra','Nagpur','Sai Apartment, Dharampeth, Near Hanuman Mandir','440010'),
(142,42,'Tiger Shroff','+91-9784445566','Karnataka','Gulbarga','Flat 2B, Lotus Residency, Nandanvan Colony','585101'),
(143,43,'Deepika Padukone','+91-9675556677','Madhya Pradesh','Gwalior','120, Lakshmi Complex, Near Fort Road','474011'),
(144,44,'Alia Singh','+91-9566667788','West Bengal','Kalyani','Plot 55, Nadia University Road','741235'),
(145,45,'Sidharth Malhotra','+91-9457778899','Telangana','Warangal','House No. 8, Rekha Colony, Kothawada Road','506002'),
(146,46,'Karan Johar','+91-9348889900','Rajasthan','Jodhpur','Blue Rise Apartments, Station Road','342001'),
(147,47,'Madhuri Dixit','+91-9239990011','Maharashtra','Aurangabad','Plot 120, CIDCO Colony, Near Infospace Gate No.2','431003'),
(148,48,'Shah Rukh Khan','+91-9012223344','Delhi','Gurugram','Penthouse 1, Cyber Greens, Sector 11','122002'),
(149,49,'Aishwarya Rai','+91-9903334455','Uttar Pradesh','Agra','House 23, Taj Nagari, Near Jama Masjid','282001'),
(150,50,'Salman Khan','+91-9894445566','Haryana','Faridabad','Sector 16-A, Flat No. 404','121002'),
(151,51,'Katrina Kaif','+91-9785556677','Maharashtra','Nanded','House No. 56, Sant Hirdaram Nagar','431602'),
(152,52,'Ranveer Singh','+91-9676667788','Punjab','Mohali','Plot 17, Phase 7B, Sector 72','160071'),
(153,53,'Alia Dua','+91-9567778899','Himachal Pradesh','Dharamshala','Hill View Residency, Jogiwara Road','176215'),
(154,54,'Priyanka Chopra','+91-9458889900','Delhi','Noida','602, Amrapali Zodiac, Sector 37','201301'),
(155,55,'Hrithik Roshan','+91-9349990011','Rajasthan','Bikaner','24A, Shastri Nagar, Near City Mall','334001'),
(156,56,'Rani Mukerji','+91-9231112233','Kerala','Kozhikode','Sapphire Apartments, Mavoor Road','673004'),
(157,57,'Anil Kapoor','+91-9022223344','Haryana','Panchkula','Plot 104, Sector 5','134109'),
(158,58,'Sonam Kapoor','+91-9913334455','Maharashtra','Solapur','Aurobindo Marg, Near Central University','413006'),
(159,59,'Taapsee Pannu','+91-9904445566','Delhi','Gurgaon','Sector 56, DLF Mega City, Vipul Greens','122011'),
(160,60,'Vicky Kaushal','+91-9895556677','Tamil Nadu','Madurai','Kothai Residency, Alagar Koyil Road','625020'),
(161,61,'Sara Nair','+91-9786667788','Uttar Pradesh','Varanasi','Dwivedi Terrace, Doab Ghat','221001'),
(162,62,'Janhvi Kapoor','+91-9677778899','Maharashtra','Thane','Suncity Residential Towers, Ghodbunder Road','400610'),
(163,63,'Sushant Singh','+91-9568889900','Telangana','Nizamabad','Ward 12, Charminar Complex','503003'),
(164,64,'Kiara Advani','+91-9459990011','Maharashtra','Kolhapur','Shiv Shakti Nagar, Tilak Road','416003'),
(165,65,'Ayushmann Khurrana','+91-9341112233','Puducherry','Pondicherry','Sunrise Apartments, Nehru Street','605001'),
(166,66,'Bhumi Pednekar','+91-9232223344','Goa','Panaji','Alfran Apartments, Campal','403001'),
(167,67,'Ranbir Sharma','+91-9123334455','Karnataka','Hubballi','1st Cross, Rajajinagar, Near Police Station','580024'),
(168,68,'Shruti Haasan','+91-9014445566','Tamil Nadu','Tiruchirappalli','Residence No. 102, Palakarai Main Road','620001'),
(169,69,'Sanjay Dutt','+91-9905556677','Maharashtra','Thane','Gokhale Nagar, Near Thane Station','400602'),
(170,70,'Kareena Kapoor','+91-9896667788','Uttar Pradesh','Noida','G-5, Sector 54, Noida','201301'),
(171,71,'Akshay Kumar','+91-9787778899','Rajasthan','Ajmer','Nehru Nagar, Near Mayo College','305001'),
(172,72,'Alia Sen','+91-9678889900','West Bengal','Siliguri','Hill Cart Road, Near North Bengal University','734013'),
(173,73,'Varun Chauhan','+91-9569990011','Maharashtra','Nagpur','Lavish Residency, Central Bazar Road','440008'),
(174,74,'Richa Chadha','+91-9451112233','Uttar Pradesh','Bareilly','Civil Lines, Near GPO','243001'),
(175,75,'Vijay Deverakonda','+91-9342223344','Karnataka','Mysuru','Rajiv Gandhi Road, Near Bus Stand','570020'),
(176,76,'Rashmika Mandanna','+91-9233334455','Karnataka','Bengaluru','Sarjapur Main Road, Near Wipro Gate 5','560035'),
(177,77,'Pankaj Tripathi','+91-9024445566','Bihar','Gaya','Anugrah Road, Near Mahabodhi Temple','823001'),
(178,78,'Vidya Balan','+91-9915556677','Nagaland','Kohima','Circular Road, Near CMO Office','797001'),
(179,79,'Manoj Bajpayee','+91-9906667788','Uttar Pradesh','Aligarh','Civil Line, Near Kheria Market','202001'),
(180,80,'Kiara Singh','+91-9897778899','Himachal Pradesh','Kullu','Mall Road, Near Tibetan Market','175101'),
(181,81,'Mrunal Thakur','+91-9788889900','Maharashtra','Aurangabad','Garkar Complex, Railway Station Road','431005'),
(182,82,'Nawazuddin Siddiqui','+91-9679990011','Madhya Pradesh','Jabalpur','Subhash Nagar, Near WR Izzatnagar','482002'),
(183,83,'Taapsee Roy','+91-9561112233','Assam','Tezpur','Bandh Road, Near Circuit House','784001'),
(184,84,'Abhishek Bachchan','+91-9452223344','Maharashtra','Pune','Mariplex, Power House Road','411004'),
(185,85,'Shilpa Shetty','+91-9343334455','Karnataka','Udupi','Manipal College Road, Near Manipal University Gate','576104'),
(186,86,'Dhanush Kumar','+91-9234445566','Tamil Nadu','Madurai','Anna Nagar, Near Teppakulam','625020'),
(187,87,'Kangana Ranaut','+91-9125556677','Arunachal Pradesh','Itanagar','VIP Road, Near Raj Bhawan','791111'),
(188,88,'Rajkummar Rao','+91-9016667788','Uttar Pradesh','Moradabad','Civil Lines, Near DRDO Office','244001'),
(189,89,'Shravan Joshi','+91-9907778899','Maharashtra','Pune','FC Road, Near University Circle','411004'),
(190,90,'Divya Singh','+91-9898889900','Telangana','Karimnagar','Tank Bund Road, Near Gandhi Statue','505001'),
(191,91,'Amitabh Bachchan','+91-9789990011','Uttar Pradesh','Kanpur','Brij Vihar, Near Kumar vs Hospital','208007'),
(192,92,'Jaya Bachchan','+91-9671112233','Maharashtra','Dhule','Gandhi Chowk, Near District Court','424001'),
(193,93,'Hema Malini','+91-9562223344','Madhya Pradesh','Sagar','Civil Lines, Near Railway Station','470001'),
(194,94,'Amitabh Singh','+91-9453334455','Karnataka','Belgaum','Tilakwadi, Near KLES College','590006'),
(195,95,'Beena Kapoor','+91-9344445566','Odisha','Cuttack','Link Road, Near SCB Medical College','753001'),
(196,96,'Ritesh Pandey','+91-9235556677','Telangana','Nalgonda','Lenin Town, Near Bus Depot','508001'),
(197,97,'Dipika Padukone','+91-9126667788','Goa','Margao','Milagres Road, Near Church of Our Lady of Miracles','403601'),
(198,98,'Nana Patekar','+91-9017778899','Maharashtra','Ratnagiri','Marine Drive, Near Port Trust','415612'),
(199,99,'Madhur Bhandarkar','+91-9908889900','Karnataka','Belagavi','Airport Road, Near Sugar Factory','590011'),
(200,100,'Neha Rao','+91-9899990011','Maharashtra','Mumbai','44/1 Bharat Apartment 4C, Jayanagar','560041');


INSERT INTO Stockpile (sp_id,name,territory,city,streetaddress,customertier,startingTime) VALUES 
(201,'Hyderabad Depot','Telangana','Hyderabad','Begumpet Airport Rd',1,'2024-01-01'),
(202,'Mumbai Hub','Maharashtra','Mumbai','Andheri East Industrial Area',2,'2024-02-15'),
(203,'Delhi Warehouse','Delhi','New Delhi','Okhla Industrial Estate',1,'2024-03-10'),
(204,'Bengaluru Centre','Karnataka','Bengaluru','Whitefield EPIP Zone',3,'2024-04-20'),
(205,'Chennai Store','Tamil Nadu','Chennai','Guindy Industrial Estate',2,'2024-05-30');

INSERT INTO Trademark (brand_Name) VALUES ('TataElectronics');
INSERT INTO Trademark (brand_Name) VALUES ('RelianceMobiles');
INSERT INTO Trademark (brand_Name) VALUES ('MahindraAppliances'); 
INSERT INTO Trademark (brand_Name) VALUES ('GodrejHome');
INSERT INTO Trademark (brand_Name) VALUES ('LGIndia');
INSERT INTO Trademark (brand_Name) VALUES ('SamsungIndia');

INSERT INTO Products (pro_id,sp_id,brand,name,type,referenceNumber,color,amount,price) VALUES
(263,201,'TataElectronics','Smart TV 42\"','Electronics','TATATV42','Black',50,30000),
(262,202,'RelianceMobiles','Budget Smartphone X','Mobile','RMBX01','Blue',200,9999),
(261,203,'MahindraAppliances','Mixer Grinder Pro','Appliance','MGPRO1','White',120,3499),
(260,204,'GodrejHome','Air Conditioner 1.5Ton','Appliance','GAC15','White',80,35000),
(259,205,'LGIndia','Front Load Washing Machine','Appliance','LGFLWM','Silver',60,45000),
(258,201,'SamsungIndia','Galaxy Tablet A7','Gadget','SGTA7','Grey',150,22999),
(257,202,'TataElectronics','Bluetooth Speaker Mini','Audio','TABSM','Red',300,1999),
(256,203,'RelianceMobiles','Feature Phone Y','Mobile','RMPHY','Black',250,1499);

INSERT INTO OrderItems (item_id, pro_id, price, creation_Time) VALUES (1010,263,30000,'2025-07-01');
INSERT INTO OrderItems (item_id, pro_id, price, creation_Time) VALUES (2020,262,9999,'2025-07-02');
INSERT INTO OrderItems (item_id, pro_id, price, creation_Time) VALUES (3020,261,3499,'2025-07-03');
INSERT INTO OrderItems (item_id, pro_id, price, creation_Time) VALUES (4040,260,35000,'2025-07-04');
INSERT INTO OrderItems (item_id, pro_id, price, creation_Time) VALUES (5050,259,45000,'2025-07-05');
INSERT INTO OrderItems (item_id, pro_id, price, creation_Time) VALUES (6060,258,22999,'2025-07-06');
INSERT INTO OrderItems (item_id, pro_id, price, creation_Time) VALUES (7070,257,1999,'2025-07-07');
INSERT INTO OrderItems (item_id, pro_id, price, creation_Time) VALUES (8080,256,1499,'2025-07-08');
INSERT INTO OrderItems (item_id, pro_id, price, creation_Time) VALUES (9090,258,22999,'2025-07-09');
INSERT INTO OrderItems (item_id, pro_id, price, creation_Time) VALUES (10101,262,9999,'2025-07-10');

INSERT INTO Onlineorders (order_Number, payment_State, creation_Time, whole_Amount) VALUES (1001,'Pending','2025-07-01',30000);
INSERT INTO Onlineorders (order_Number, payment_State, creation_Time, whole_Amount) VALUES (1002,'Completed','2025-07-02',19998);
INSERT INTO Onlineorders (order_Number, payment_State, creation_Time, whole_Amount) VALUES (1003,'Completed','2025-07-03',3499);
INSERT INTO Onlineorders (order_Number, payment_State, creation_Time, whole_Amount) VALUES (1004,'Pending','2025-07-04',35000);
INSERT INTO Onlineorders (order_Number, payment_State, creation_Time, whole_Amount) VALUES (1005,'Completed','2025-07-05',45000);
INSERT INTO Onlineorders (order_Number, payment_State, creation_Time, whole_Amount) VALUES (1006,'Completed','2025-07-06',22999);
INSERT INTO Onlineorders (order_Number, payment_State, creation_Time, whole_Amount) VALUES (1007,'Pending','2025-07-07',1999);
INSERT INTO Onlineorders (order_Number, payment_State, creation_Time, whole_Amount) VALUES (1008,'Completed','2025-07-08',1499);
INSERT INTO Onlineorders (order_Number, payment_State, creation_Time, whole_Amount) VALUES (1009,'Completed','2025-07-09',22999);
INSERT INTO Onlineorders (order_Number, payment_State, creation_Time, whole_Amount) VALUES (1010,'Completed','2025-07-10',9999);
INSERT INTO Onlineorders (order_Number, payment_State, creation_Time, whole_Amount) VALUES (1011,'Pending','2025-07-11',1499);
INSERT INTO Onlineorders (order_Number, payment_State, creation_Time, whole_Amount) VALUES (1012,'Completed','2025-07-12',1999);
INSERT INTO Onlineorders (order_Number, payment_State, creation_Time, whole_Amount) VALUES (1013,'Completed','2025-07-13',3499);

INSERT INTO Servicehub (sh_id, streetaddress, city, territory, startingTime, endingTime) VALUES 
(0206,'MG Road Service Center','Hyderabad','Telangana','09:00','18:00'),
(0245,'Linking Road Center','Mumbai','Maharashtra','10:00','19:00'),
(0246,'Janpath Center','New Delhi','Delhi','09:30','18:30'),
(0247,'Brigade Road Center','Bengaluru','Karnataka','10:00','19:00'),
(0253,'T Nagar Center','Chennai','Tamil Nadu','09:00','18:00'),
(0254,'Lawrence Road Center','Kolkata','West Bengal','10:00','19:00');

INSERT INTO Feedback (creationTime, purchaser_id, pro_id, grade, content) VALUES
('2025-07-05',1,263,4.5,'Excellent picture clarity and sound quality.'),
('2025-07-06',2,262,4.0,'Good value phone for the price.'),
('2025-07-07',3,261,4.2,'Very useful mixer grinder with long run blades.'),
('2025-07-08',4,260,3.8,'AC cools well but is a bit noisy.'),
('2025-07-09',5,259,4.7,'Washing machine is very quiet and efficient.'),
('2025-07-10',6,258,4.1,'Tablet performs smoothly, battery lasts long.'),
('2025-07-11',7,257,4.3,'Great small speaker with good bass.'),
('2025-07-12',8,256,3.9,'Basic phone, battery lasts long.'),
('2025-07-13',9,258,4.0,'Tablet is fine, display is sharp.'),
('2025-07-14',10,262,4.5,'Affordable phone with good features.'),
('2025-07-15',11,263,4.6,'TV delivers excellent picture quality.'),
('2025-07-16',12,259,4.8,'Top-notch wash performance.');

INSERT INTO Add_to_wishlist (purchaser_id, pro_id, addTime, volume) VALUES (1,262,'2025-07-03',1);
INSERT INTO Add_to_wishlist (purchaser_id, pro_id, addTime, volume) VALUES (3,263,'2025-07-04',1);
INSERT INTO Add_to_wishlist (purchaser_id, pro_id, addTime, volume) VALUES (5,261,'2025-07-06',1);
INSERT INTO Add_to_wishlist (purchaser_id, pro_id, addTime, volume) VALUES (7,260,'2025-07-07',1);
INSERT INTO Add_to_wishlist (purchaser_id, pro_id, addTime, volume) VALUES (9,259,'2025-07-09',1);
INSERT INTO Add_to_wishlist (purchaser_id, pro_id, addTime, volume) VALUES (11,258,'2025-07-10',1);
INSERT INTO Add_to_wishlist (purchaser_id, pro_id, addTime, volume) VALUES (12,257,'2025-07-12',1);
INSERT INTO Add_to_wishlist (purchaser_id, pro_id, addTime, volume) VALUES (13,256,'2025-07-13',1);

INSERT INTO Contain (order_Number, item_id, volume) VALUES (1001,1010,1);
INSERT INTO Contain (order_Number, item_id, volume) VALUES (1002,2020,2);
INSERT INTO Contain (order_Number, item_id, volume) VALUES (1003,3020,1);
INSERT INTO Contain (order_Number, item_id, volume) VALUES (1004,4040,1);
INSERT INTO Contain (order_Number, item_id, volume) VALUES (1005,5050,1);
INSERT INTO Contain (order_Number, item_id, volume) VALUES (1006,6060,1);
INSERT INTO Contain (order_Number, item_id, volume) VALUES (1007,7070,1);
INSERT INTO Contain (order_Number, item_id, volume) VALUES (1008,8080,1);
INSERT INTO Contain (order_Number, item_id, volume) VALUES (1009,9090,1);
INSERT INTO Contain (order_Number, item_id, volume) VALUES (1010,10101,1);
INSERT INTO Contain (order_Number, item_id, volume) VALUES (1011,8080,1);
INSERT INTO Contain (order_Number, item_id, volume) VALUES (1012,7070,1);
INSERT INTO Contain (order_Number, item_id, volume) VALUES (1013,3020,1);
INSERT INTO Contain (order_Number, item_id, volume) VALUES (1002,10101,1);
INSERT INTO Contain (order_Number, item_id, volume) VALUES (1003,6060,1);
INSERT INTO Contain (order_Number, item_id, volume) VALUES (1004,2020,1);
INSERT INTO Contain (order_Number, item_id, volume) VALUES (1005,1010,1);

INSERT INTO Payments (order_Number, credit_cardNumber, pay_Time) VALUES (1002,'ICICI1234567890','2025-07-02');
INSERT INTO Payments (order_Number, credit_cardNumber, pay_Time) VALUES (1003,'HDFC0987654321','2025-07-03');
INSERT INTO Payments (order_Number, credit_cardNumber, pay_Time) VALUES (1005,'SBI1111222233334444','2025-07-05');
INSERT INTO Payments (order_Number, credit_cardNumber, pay_Time) VALUES (1006,'AXIS5555666677778888','2025-07-06');
INSERT INTO Payments (order_Number, credit_cardNumber, pay_Time) VALUES (1008,'PNB9999000011112222','2025-07-08');
INSERT INTO Payments (order_Number, credit_cardNumber, pay_Time) VALUES (1009,'KOTA3333444455556666','2025-07-09');
INSERT INTO Payments (order_Number, credit_cardNumber, pay_Time) VALUES (1010,'YES7777888899990000','2025-07-10');


INSERT INTO Ship_To (address_id, order_Number, Time_Delivered) VALUES (101,1001,'2025-07-04');
INSERT INTO Ship_To (address_id, order_Number, Time_Delivered) VALUES (102,1002,'2025-07-05');
INSERT INTO Ship_To (address_id, order_Number, Time_Delivered) VALUES (103,1003,'2025-07-06');
INSERT INTO Ship_To (address_id, order_Number, Time_Delivered) VALUES (104,1004,'2025-07-07');
INSERT INTO Ship_To (address_id, order_Number, Time_Delivered) VALUES (105,1005,'2025-07-08');

INSERT INTO Oversee (purchaser_id, sp_id, initiate_Time) VALUES (14,201,'2025-07-01');
INSERT INTO Oversee (purchaser_id, sp_id, initiate_Time) VALUES (15,202,'2025-07-02');
INSERT INTO Oversee (purchaser_id, sp_id, initiate_Time) VALUES (16,203,'2025-07-03');
INSERT INTO Oversee (purchaser_id, sp_id, initiate_Time) VALUES (17,204,'2025-07-04');
INSERT INTO Oversee (purchaser_id, sp_id, initiate_Time) VALUES (18,205,'2025-07-05');

INSERT INTO After_Sales_care (brand_Name, sh_id) VALUES ('TataElectronics',0206);
INSERT INTO After_Sales_care (brand_Name, sh_id) VALUES ('RelianceMobiles',0245);
INSERT INTO After_Sales_care (brand_Name, sh_id) VALUES ('MahindraAppliances',0246);
INSERT INTO After_Sales_care (brand_Name, sh_id) VALUES ('GodrejHome',0247);
INSERT INTO After_Sales_care (brand_Name, sh_id) VALUES ('LGIndia',0253);
INSERT INTO After_Sales_care (brand_Name, sh_id) VALUES ('SamsungIndia',0254);
INSERT INTO After_Sales_care (brand_Name, sh_id) VALUES ('TataElectronics',0246);
INSERT INTO After_Sales_care (brand_Name, sh_id) VALUES('RelianceMobiles',0247);
INSERT INTO After_Sales_care (brand_Name, sh_id) VALUES ('MahindraAppliances',0253);
INSERT INTO After_Sales_care (brand_Name, sh_id) VALUES ('GodrejHome',0254); 